Question,Correct Answer,Wrong Answer 1,Wrong Answer 2,Wrong Answer 3
"What is the output?
import java.util.*;
public class Test {
    public static void main(String[] args) {
        int[] arr = {1, 2, 3};
        System.out.println(arr.length);
    }
}",3,4,2,Compilation error
"What is the result?
import java.util.*;
public class Test {
    public static void main(String[] args) {
        int[] arr = new int[3];
        System.out.println(arr[0]);
    }
}",0,null,Compilation error,ArrayIndexOutOfBoundsException
"What is the output?
import java.util.*;
public class Test {
    public static void main(String[] args) {
        String[] arr = new String[2];
        System.out.println(arr[0]);
    }
}",null,0,"""",Compilation error
"What is the result?
import java.util.*;
public class Test {
    public static void main(String[] args) {
        int[] arr = {1, 2, 3, 4, 5};
        System.out.println(arr[2]);
    }
}",3,2,4,Compilation error
"What is the output?
import java.util.*;
public class Test {
    public static void main(String[] args) {
        List<String> list = new ArrayList<>();
        list.add(""A"");
        list.add(""B"");
        System.out.println(list.size());
    }
}",2,1,3,Compilation error
"What is the result?
import java.util.*;
public class Test {
    public static void main(String[] args) {
        List<String> list = new ArrayList<>();
        list.add(""A"");
        System.out.println(list.get(0));
    }
}",A,0,null,Compilation error
"What is the output?
import java.util.*;
public class Test {
    public static void main(String[] args) {
        int[] arr = {3, 1, 2};
        Arrays.sort(arr);
        System.out.println(arr[0]);
    }
}",1,3,2,Compilation error
"What is the result?
import java.util.*;
public class Test {
    public static void main(String[] args) {
        int[] arr = {1, 2, 3, 4, 5};
        Arrays.sort(arr);
        System.out.println(Arrays.binarySearch(arr, 3));
    }
}",2,3,1,Compilation error
"What is the output?
import java.util.*;
public class Test {
    public static void main(String[] args) {
        Set<String> set = new HashSet<>();
        set.add(""A"");
        set.add(""A"");
        System.out.println(set.size());
    }
}",1,2,0,Compilation error
"What is the result?
import java.util.*;
public class Test {
    public static void main(String[] args) {
        Map<String, Integer> map = new HashMap<>();
        map.put(""A"", 1);
        map.put(""A"", 2);
        System.out.println(map.get(""A""));
    }
}",2,1,3,null
"What is the output?
import java.util.*;
public class Test {
    public static void main(String[] args) {
        List<String> list = List.of(""A"", ""B"", ""C"");
        System.out.println(list.size());
    }
}",3,2,4,Compilation error
"What is the result?
import java.util.*;
public class Test {
    public static void main(String[] args) {
        List<String> list = List.of(""A"", ""B"");
        list.add(""C"");
    }
}",UnsupportedOperationException at runtime,Compilation error,No output,ABC
"What is the output?
import java.util.*;
public class Test {
    public static void main(String[] args) {
        int[][] arr = {{1, 2}, {3, 4}};
        System.out.println(arr[1][0]);
    }
}",3,1,2,4
"What is the result?
import java.util.*;
public class Test {
    public static void main(String[] args) {
        List<Integer> list = new ArrayList<>();
        list.add(10);
        list.add(20);
        list.remove(0);
        System.out.println(list.get(0));
    }
}",20,10,0,IndexOutOfBoundsException
"What is the output?
import java.util.*;
public class Test {
    public static void main(String[] args) {
        Queue<String> queue = new LinkedList<>();
        queue.offer(""A"");
        queue.offer(""B"");
        System.out.println(queue.poll());
    }
}",A,B,AB,null
"What is the result?
import java.util.*;
public class Test {
    public static void main(String[] args) {
        Deque<String> deque = new ArrayDeque<>();
        deque.push(""A"");
        deque.push(""B"");
        System.out.println(deque.pop());
    }
}",B,A,AB,null
"What is the output?
import java.util.*;
public class Test {
    public static void main(String[] args) {
        int[] arr = {1, 2, 3};
        Arrays.fill(arr, 0);
        System.out.println(arr[1]);
    }
}",0,1,2,Compilation error
"What is the result?
import java.util.*;
public class Test {
    public static void main(String[] args) {
        List<String> list = new ArrayList<>(List.of(""A"", ""B"", ""C""));
        list.set(1, ""X"");
        System.out.println(list.get(1));
    }
}",X,B,A,Compilation error
"What is the output?
import java.util.*;
public class Test {
    public static void main(String[] args) {
        Map<String, String> map = Map.of(""A"", ""1"", ""B"", ""2"");
        System.out.println(map.size());
    }
}",2,1,3,Compilation error
"What is the result?
import java.util.*;
public class Test {
    public static void main(String[] args) {
        Set<Integer> set = Set.of(1, 2, 3);
        System.out.println(set.contains(2));
    }
}",true,false,2,Compilation error
"What is the output?
import java.util.*;
public class Test {
    public static void main(String[] args) {
        int[] arr1 = {1, 2, 3};
        int[] arr2 = {1, 2, 3};
        System.out.println(Arrays.equals(arr1, arr2));
    }
}",true,false,Compilation error,ClassCastException
"What is the result?
import java.util.*;
public class Test {
    public static void main(String[] args) {
        List<String> list = new ArrayList<>();
        list.add(""A"");
        list.add(""B"");
        System.out.println(list.indexOf(""B""));
    }
}",1,0,2,Compilation error
"What is the output?
import java.util.*;
public class Test {
    public static void main(String[] args) {
        int[] arr = Arrays.copyOf(new int[]{1, 2, 3}, 5);
        System.out.println(arr.length);
    }
}",5,3,4,Compilation error
"What is the result?
import java.util.*;
public class Test {
    public static void main(String[] args) {
        List<String> list = Arrays.asList(""A"", ""B"", ""C"");
        list.set(0, ""X"");
        System.out.println(list.get(0));
    }
}",X,A,Compilation error,UnsupportedOperationException
"What is the output?
import java.util.*;
public class Test {
    public static void main(String[] args) {
        List<String> list = Arrays.asList(""A"", ""B"", ""C"");
        list.add(""D"");
    }
}",UnsupportedOperationException at runtime,Compilation error,ABCD,No output
"What is the result?
import java.util.*;
public class Test {
    public static void main(String[] args) {
        Set<String> set = new TreeSet<>();
        set.add(""C"");
        set.add(""A"");
        set.add(""B"");
        System.out.println(set.iterator().next());
    }
}",A,C,B,Compilation error
"What is the output?
import java.util.*;
public class Test {
    public static void main(String[] args) {
        Map<String, Integer> map = new TreeMap<>();
        map.put(""C"", 3);
        map.put(""A"", 1);
        map.put(""B"", 2);
        System.out.println(map.keySet().iterator().next());
    }
}",A,C,B,Compilation error
"What is the result?
import java.util.*;
public class Test {
    public static void main(String[] args) {
        List<Integer> list = new ArrayList<>(List.of(3, 1, 2));
        Collections.sort(list);
        System.out.println(list.get(0));
    }
}",1,3,2,Compilation error
"What is the output?
import java.util.*;
public class Test {
    public static void main(String[] args) {
        List<String> list = new ArrayList<>(List.of(""A"", ""B"", ""C""));
        Collections.reverse(list);
        System.out.println(list.get(0));
    }
}",C,A,B,Compilation error
"What is the result?
import java.util.*;
public class Test {
    public static void main(String[] args) {
        PriorityQueue<Integer> pq = new PriorityQueue<>();
        pq.offer(3);
        pq.offer(1);
        pq.offer(2);
        System.out.println(pq.poll());
    }
}",1,3,2,Compilation error
"What is the output?
import java.util.*;
public class Test {
    public static void main(String[] args) {
        Map<String, Integer> map = new HashMap<>();
        map.put(""A"", 1);
        System.out.println(map.containsKey(""A""));
    }
}",true,false,1,Compilation error
"What is the result?
import java.util.*;
public class Test {
    public static void main(String[] args) {
        Map<String, Integer> map = new HashMap<>();
        map.put(""A"", 1);
        System.out.println(map.containsValue(1));
    }
}",true,false,A,Compilation error
"What is the output?
import java.util.*;
public class Test {
    public static void main(String[] args) {
        List<Integer> list = new ArrayList<>();
        list.add(1);
        list.add(2);
        list.add(3);
        System.out.println(Collections.max(list));
    }
}",3,1,2,Compilation error
"What is the result?
import java.util.*;
public class Test {
    public static void main(String[] args) {
        List<Integer> list = List.of(1, 2, 3, 2, 1);
        System.out.println(Collections.frequency(list, 2));
    }
}",2,1,3,Compilation error
"What is the output?
import java.util.*;
public class Test {
    public static void main(String[] args) {
        int[] arr = {1, 2, 3, 4, 5};
        System.out.println(Arrays.stream(arr).sum());
    }
}",15,5,10,Compilation error
"What is the result?
import java.util.*;
public class Test {
    public static void main(String[] args) {
        List<String> list = new ArrayList<>(List.of(""A"", ""B"", ""C""));
        list.removeIf(s -> s.equals(""B""));
        System.out.println(list.size());
    }
}",2,3,1,Compilation error
"What is the output?
import java.util.*;
public class Test {
    public static void main(String[] args) {
        List<String> list = new ArrayList<>(List.of(""a"", ""b"", ""c""));
        list.replaceAll(String::toUpperCase);
        System.out.println(list.get(0));
    }
}",A,a,ABC,Compilation error
"What is the result?
import java.util.*;
public class Test {
    public static void main(String[] args) {
        Map<String, Integer> map = new HashMap<>();
        map.putIfAbsent(""A"", 1);
        map.putIfAbsent(""A"", 2);
        System.out.println(map.get(""A""));
    }
}",1,2,3,null
"What is the output?
import java.util.*;
public class Test {
    public static void main(String[] args) {
        int[] arr1 = {1, 2, 3};
        int[] arr2 = Arrays.copyOfRange(arr1, 1, 3);
        System.out.println(arr2.length);
    }
}",2,3,1,Compilation error
"What is the result?
import java.util.*;
public class Test {
    public static void main(String[] args) {
        List<String> list = new ArrayList<>(List.of(""A"", ""B"", ""C""));
        List<String> subList = list.subList(1, 3);
        System.out.println(subList.size());
    }
}",2,3,1,Compilation error
"What is the output?
import java.util.*;
public class Test {
    public static void main(String[] args) {
        Deque<Integer> deque = new ArrayDeque<>();
        deque.addFirst(1);
        deque.addLast(2);
        System.out.println(deque.getFirst());
    }
}",1,2,12,Compilation error
"What is the result?
import java.util.*;
public class Test {
    public static void main(String[] args) {
        Map<String, Integer> map = new HashMap<>();
        map.computeIfAbsent(""A"", k -> 1);
        System.out.println(map.get(""A""));
    }
}",1,null,A,Compilation error
"What is the output?
import java.util.*;
public class Test {
    public static void main(String[] args) {
        Map<String, Integer> map = new HashMap<>();
        map.put(""A"", 1);
        map.compute(""A"", (k, v) -> v + 1);
        System.out.println(map.get(""A""));
    }
}",2,1,3,Compilation error
"What is the result?
import java.util.*;
public class Test {
    public static void main(String[] args) {
        Map<String, Integer> map = new HashMap<>();
        map.put(""A"", 1);
        map.merge(""A"", 2, Integer::sum);
        System.out.println(map.get(""A""));
    }
}",3,1,2,Compilation error
"What is the output?
import java.util.*;
public class Test {
    public static void main(String[] args) {
        List<String> list = new LinkedList<>();
        list.add(""A"");
        list.add(""B"");
        ((LinkedList<String>)list).addFirst(""C"");
        System.out.println(list.get(0));
    }
}",C,A,B,Compilation error
"What is the result?
import java.util.*;
public class Test {
    public static void main(String[] args) {
        Set<String> set = new LinkedHashSet<>();
        set.add(""C"");
        set.add(""A"");
        set.add(""B"");
        System.out.println(set.iterator().next());
    }
}",C,A,B,Compilation error
"What is the output?
import java.util.*;
public class Test {
    public static void main(String[] args) {
        int[] arr = {1, 2, 3, 4, 5};
        int result = Arrays.binarySearch(arr, 6);
        System.out.println(result < 0);
    }
}",true,false,6,Compilation error
"What is the result?
import java.util.*;
public class Test {
    public static void main(String[] args) {
        List<Integer> list = new ArrayList<>();
        list.add(10);
        list.add(20);
        list.add(1, 15);
        System.out.println(list.get(1));
    }
}",15,10,20,Compilation error
"What is the output?
import java.util.*;
public class Test {
    public static void main(String[] args) {
        Map<Integer, String> map = new HashMap<>();
        map.put(1, ""A"");
        map.put(2, ""B"");
        System.out.println(map.values().size());
    }
}",2,1,3,Compilation error
"What is the result?
import java.util.*;
public class Test {
    public static void main(String[] args) {
        Map<String, Integer> map = new HashMap<>();
        map.put(""A"", 1);
        map.put(""B"", 2);
        System.out.println(map.keySet().size());
    }
}",2,1,3,Compilation error
"What is the output?
import java.util.*;
public class Test {
    public static void main(String[] args) {
        List<String> list = new ArrayList<>();
        System.out.println(list.isEmpty());
    }
}",true,false,0,Compilation error
"What is the result?
import java.util.*;
public class Test {
    public static void main(String[] args) {
        int[] arr = new int[]{1, 2, 3};
        int[] copy = arr.clone();
        System.out.println(copy.length);
    }
}",3,2,1,Compilation error
"What is the output?
import java.util.*;
public class Test {
    public static void main(String[] args) {
        List<String> list1 = List.of(""A"", ""B"");
        List<String> list2 = List.of(""C"", ""D"");
        System.out.println(Collections.disjoint(list1, list2));
    }
}",true,false,Compilation error,AB
"What is the result?
import java.util.*;
public class Test {
    public static void main(String[] args) {
        int[][] arr = new int[2][3];
        System.out.println(arr.length);
    }
}",2,3,6,Compilation error
"What is the output?
import java.util.*;
public class Test {
    public static void main(String[] args) {
        int[][] arr = new int[2][3];
        System.out.println(arr[0].length);
    }
}",3,2,6,Compilation error
"What is the result?
import java.util.*;
public class Test {
    public static void main(String[] args) {
        List<Integer> list = new ArrayList<>(List.of(1, 2, 3));
        list.clear();
        System.out.println(list.size());
    }
}",0,3,1,Compilation error
"What is the output?
import java.util.*;
public class Test {
    public static void main(String[] args) {
        Map<String, Integer> map = new HashMap<>();
        map.put(""A"", 1);
        map.remove(""A"");
        System.out.println(map.size());
    }
}",0,1,2,Compilation error
"What is the result?
import java.util.*;
public class Test {
    public static void main(String[] args) {
        Queue<String> queue = new PriorityQueue<>();
        queue.offer(""C"");
        queue.offer(""A"");
        queue.offer(""B"");
        System.out.println(queue.peek());
    }
}",A,C,B,null
"What is the output?
import java.util.*;
public class Test {
    public static void main(String[] args) {
        List<String> list = new ArrayList<>(List.of(""A"", ""B"", ""C""));
        Iterator<String> it = list.iterator();
        it.next();
        it.remove();
        System.out.println(list.size());
    }
}",2,3,1,Compilation error
"What is the result?
import java.util.*;
public class Test {
    public static void main(String[] args) {
        int[] arr1 = {1, 2, 3};
        int[] arr2 = {1, 2, 4};
        System.out.println(Arrays.compare(arr1, arr2));
    }
}","-1 (or negative)",0,1,Compilation error
"What is the output?
import java.util.*;
public class Test {
    public static void main(String[] args) {
        int[] arr1 = {1, 2, 3};
        int[] arr2 = {1, 2, 3};
        System.out.println(Arrays.mismatch(arr1, arr2));
    }
}","-1 (or negative)",0,1,Compilation error
"What is the result?
import java.util.*;
public class Test {
    public static void main(String[] args) {
        List<String> list = new ArrayList<>(List.of(""A"", ""B"", ""C""));
        ListIterator<String> it = list.listIterator(list.size());
        System.out.println(it.hasPrevious());
    }
}",true,false,Compilation error,3
"What is the output?
import java.util.*;
public class Test {
    public static void main(String[] args) {
        Map<String, Integer> map = new HashMap<>();
        map.put(""A"", 1);
        for (Map.Entry<String, Integer> entry : map.entrySet()) {
            System.out.println(entry.getValue());
        }
    }
}",1,A,Compilation error,null
"What is the result?
import java.util.*;
public class Test {
    public static void main(String[] args) {
        List<Integer> list = new ArrayList<>(List.of(1, 2, 3));
        list.sort(Comparator.reverseOrder());
        System.out.println(list.get(0));
    }
}",3,1,2,Compilation error
"What is the output?
import java.util.*;
public class Test {
    public static void main(String[] args) {
        String[] arr = {""A"", ""B"", ""C""};
        Arrays.sort(arr, Comparator.reverseOrder());
        System.out.println(arr[0]);
    }
}",C,A,B,Compilation error
"What is the result?
import java.util.*;
public class Test {
    public static void main(String[] args) {
        List<String> list = new ArrayList<>();
        list.add(null);
        System.out.println(list.get(0));
    }
}",null,Compilation error,NullPointerException,0
"What is the output?
import java.util.*;
public class Test {
    public static void main(String[] args) {
        Set<String> set = new HashSet<>();
        set.add(null);
        System.out.println(set.size());
    }
}",1,0,NullPointerException,Compilation error
"What is the result?
import java.util.*;
public class Test {
    public static void main(String[] args) {
        Map<String, String> map = new HashMap<>();
        map.put(null, ""A"");
        System.out.println(map.get(null));
    }
}",A,null,Compilation error,NullPointerException
"What is the output?
import java.util.*;
public class Test {
    public static void main(String[] args) {
        int[] arr = {1, 2, 3};
        List<Integer> list = Arrays.stream(arr).boxed().toList();
        System.out.println(list.size());
    }
}",3,2,1,Compilation error
"What is the result?
import java.util.*;
public class Test {
    public static void main(String[] args) {
        List<String> list = new ArrayList<>(List.of(""A"", ""B"", ""C""));
        String[] arr = list.toArray(new String[0]);
        System.out.println(arr.length);
    }
}",3,0,2,Compilation error
"What is the output?
import java.util.*;
public class Test {
    public static void main(String[] args) {
        Deque<Integer> deque = new ArrayDeque<>();
        deque.offerFirst(1);
        deque.offerLast(2);
        System.out.println(deque.pollLast());
    }
}",2,1,12,null
"What is the result?
import java.util.*;
public class Test {
    public static void main(String[] args) {
        Map<String, Integer> map = new HashMap<>();
        map.put(""A"", 1);
        map.replace(""A"", 2);
        System.out.println(map.get(""A""));
    }
}",2,1,null,Compilation error
"What is the output?
import java.util.*;
public class Test {
    public static void main(String[] args) {
        Map<String, Integer> map = new HashMap<>();
        map.put(""A"", 1);
        map.replace(""A"", 1, 2);
        System.out.println(map.get(""A""));
    }
}",2,1,null,Compilation error
"What is the result?
import java.util.*;
public class Test {
    public static void main(String[] args) {
        List<String> list = new ArrayList<>(List.of(""A"", ""B"", ""C""));
        list.retainAll(List.of(""A"", ""C""));
        System.out.println(list.size());
    }
}",2,3,1,Compilation error
"What is the output?
import java.util.*;
public class Test {
    public static void main(String[] args) {
        List<String> list = new ArrayList<>(List.of(""A"", ""B""));
        list.addAll(List.of(""C"", ""D""));
        System.out.println(list.size());
    }
}",4,2,3,Compilation error
"What is the result?
import java.util.*;
public class Test {
    public static void main(String[] args) {
        Set<String> set1 = new HashSet<>(Set.of(""A"", ""B""));
        Set<String> set2 = new HashSet<>(Set.of(""B"", ""C""));
        set1.retainAll(set2);
        System.out.println(set1.size());
    }
}",1,2,0,Compilation error
"What is the output?
import java.util.*;
public class Test {
    public static void main(String[] args) {
        int[] arr = {5, 3, 1, 4, 2};
        Arrays.sort(arr);
        System.out.println(Arrays.toString(arr));
    }
}","[1, 2, 3, 4, 5]","[5, 3, 1, 4, 2]",Compilation error,"[5, 4, 3, 2, 1]"
"What is the result?
import java.util.*;
public class Test {
    public static void main(String[] args) {
        List<Integer> list = new ArrayList<>();
        list.add(5);
        list.remove(Integer.valueOf(5));
        System.out.println(list.size());
    }
}",0,1,Compilation error,IndexOutOfBoundsException
"What is the output?
import java.util.*;
public class Test {
    public static void main(String[] args) {
        List<Integer> list = new ArrayList<>(List.of(1, 2, 3, 4, 5));
        list.remove(2);
        System.out.println(list.size());
    }
}",4,5,3,Compilation error
"What is the result?
import java.util.*;
public class Test {
    public static void main(String[] args) {
        Map<String, Integer> map = new HashMap<>();
        map.put(""A"", 1);
        map.computeIfPresent(""A"", (k, v) -> v + 1);
        System.out.println(map.get(""A""));
    }
}",2,1,null,Compilation error
"What is the output?
import java.util.*;
public class Test {
    public static void main(String[] args) {
        List<String> list = new ArrayList<>();
        list.add(""A"");
        list.add(0, ""B"");
        System.out.println(list.get(0));
    }
}",B,A,BA,Compilation error
"What is the result?
import java.util.*;
public class Test {
    public static void main(String[] args) {
        int[] arr = {1, 2, 3, 2, 1};
        long count = Arrays.stream(arr).filter(x -> x == 2).count();
        System.out.println(count);
    }
}",2,1,3,Compilation error
"What is the output?
import java.util.*;
public class Test {
    public static void main(String[] args) {
        String[] arr = {""A"", ""B"", ""C""};
        List<String> list = List.of(arr);
        System.out.println(list.size());
    }
}",3,1,2,Compilation error
"What is the result?
import java.util.*;
public class Test {
    public static void main(String[] args) {
        List<String> list1 = new ArrayList<>(List.of(""A"", ""B""));
        List<String> list2 = list1;
        list2.add(""C"");
        System.out.println(list1.size());
    }
}",3,2,1,Compilation error
"What is the output?
import java.util.*;
public class Test {
    public static void main(String[] args) {
        Set<String> set1 = new HashSet<>(Set.of(""A"", ""B""));
        Set<String> set2 = new HashSet<>(Set.of(""B"", ""C""));
        set1.addAll(set2);
        System.out.println(set1.size());
    }
}",3,2,4,Compilation error
"What is the result?
import java.util.*;
public class Test {
    public static void main(String[] args) {
        Map<String, Integer> map = new LinkedHashMap<>();
        map.put(""C"", 3);
        map.put(""A"", 1);
        map.put(""B"", 2);
        System.out.println(map.keySet().iterator().next());
    }
}",C,A,B,Compilation error
"What is the output?
import java.util.*;
public class Test {
    public static void main(String[] args) {
        int[] arr = {1, 2, 3};
        int sum = 0;
        for (int i : arr) {
            sum += i;
        }
        System.out.println(sum);
    }
}",6,3,5,Compilation error
"What is the result?
import java.util.*;
public class Test {
    public static void main(String[] args) {
        List<String> list = new ArrayList<>(List.of(""A"", ""B"", ""C""));
        list.forEach(System.out::print);
    }
}",ABC,CBA,A B C,Compilation error
"What is the output?
import java.util.*;
public class Test {
    public static void main(String[] args) {
        Map<String, Integer> map = new HashMap<>();
        map.put(""A"", 1);
        map.put(""B"", 2);
        map.forEach((k, v) -> System.out.print(v));
    }
}",12 or 21,AB,Compilation error,1
"What is the result?
import java.util.*;
public class Test {
    public static void main(String[] args) {
        List<Integer> list = new ArrayList<>();
        list.add(1);
        list.add(2);
        System.out.println(list.contains(2));
    }
}",true,false,2,Compilation error
"What is the output?
import java.util.*;
public class Test {
    public static void main(String[] args) {
        int[] arr = new int[5];
        Arrays.fill(arr, 2, 4, 1);
        System.out.println(arr[2]);
    }
}",1,0,2,Compilation error
"What is the result?
import java.util.*;
public class Test {
    public static void main(String[] args) {
        List<String> list = new ArrayList<>(List.of(""A"", ""B"", ""A""));
        System.out.println(list.lastIndexOf(""A""));
    }
}",2,0,1,Compilation error
"What is the output?
import java.util.*;
public class Test {
    public static void main(String[] args) {
        Deque<String> deque = new ArrayDeque<>();
        deque.add(""A"");
        deque.add(""B"");
        System.out.println(deque.removeFirst());
    }
}",A,B,AB,NoSuchElementException
"What is the result?
import java.util.*;
public class Test {
    public static void main(String[] args) {
        Queue<Integer> queue = new LinkedList<>();
        queue.offer(1);
        queue.offer(2);
        queue.offer(3);
        queue.poll();
        System.out.println(queue.size());
    }
}",2,3,1,Compilation error
"What is the output?
import java.util.*;
public class Test {
    public static void main(String[] args) {
        int[][] arr = {{1, 2}, {3, 4}, {5, 6}};
        System.out.println(arr.length);
    }
}",3,2,6,Compilation error
"What is the result?
import java.util.*;
public class Test {
    public static void main(String[] args) {
        List<String> list = new ArrayList<>();
        list.add(""A"");
        list.add(""B"");
        Collections.swap(list, 0, 1);
        System.out.println(list.get(0));
    }
}",B,A,AB,Compilation error
"What is the output?
import java.util.*;
public class Test {
    public static void main(String[] args) {
        List<Integer> list = List.of(1, 2, 3, 4, 5);
        System.out.println(Collections.min(list));
    }
}",1,5,0,Compilation error
"What is the result?
import java.util.*;
public class Test {
    public static void main(String[] args) {
        int[] arr = {1, 2, 3};
        System.out.println(Arrays.stream(arr).max().getAsInt());
    }
}",3,1,2,Compilation error
"What is the output?
import java.util.*;
public class Test {
    public static void main(String[] args) {
        Set<Integer> set = new TreeSet<>(Comparator.reverseOrder());
        set.add(3);
        set.add(1);
        set.add(2);
        System.out.println(set.iterator().next());
    }
}",3,1,2,Compilation error
"What is the result?
import java.util.*;
public class Test {
    public static void main(String[] args) {
        Map<String, Integer> map = new HashMap<>();
        map.put(""A"", null);
        System.out.println(map.containsKey(""A""));
    }
}",true,false,null,Compilation error
"What is the output?
import java.util.*;
public class Test {
    public static void main(String[] args) {
        List<String> list = new ArrayList<>(List.of(""A"", ""B"", ""C""));
        list.subList(1, 3).clear();
        System.out.println(list.size());
    }
}",1,3,2,Compilation error
"What is the result?
import java.util.*;
public class Test {
    public static void main(String[] args) {
        int[] arr = {3, 1, 4, 1, 5};
        Arrays.sort(arr);
        System.out.println(Arrays.binarySearch(arr, 4));
    }
}",3,2,4,Compilation error
"What is the output?
import java.util.*;
public class Test {
    public static void main(String[] args) {
        List<String> list = new ArrayList<>();
        list.add(""A"");
        list.add(""B"");
        list.add(""C"");
        list.remove(""B"");
        System.out.println(list.size());
    }
}",2,3,1,Compilation error
"What is the result?
import java.util.*;
public class Test {
    public static void main(String[] args) {
        Map<String, Integer> map = new HashMap<>();
        Integer val = map.getOrDefault(""A"", 0);
        System.out.println(val);
    }
}",0,null,A,Compilation error
"What is the output?
import java.util.*;
public class Test {
    public static void main(String[] args) {
        int[] arr = {1, 2, 3, 4, 5};
        int[] copy = Arrays.copyOfRange(arr, 0, 3);
        System.out.println(copy[2]);
    }
}",3,2,4,Compilation error
"What is the result?
import java.util.*;
public class Test {
    public static void main(String[] args) {
        List<String> list = new ArrayList<>(List.of(""A"", ""B"", ""C""));
        list.sort(Comparator.naturalOrder());
        System.out.println(list.get(0));
    }
}",A,C,B,Compilation error
"What is the output?
import java.util.*;
public class Test {
    public static void main(String[] args) {
        Set<String> set = Set.of(""A"", ""B"", ""C"");
        set.add(""D"");
    }
}",UnsupportedOperationException at runtime,Compilation error,ABCD,No output
"What is the result?
import java.util.*;
public class Test {
    public static void main(String[] args) {
        Map<String, Integer> map = Map.of(""A"", 1);
        map.put(""B"", 2);
    }
}",UnsupportedOperationException at runtime,Compilation error,AB,No output
"What is the output?
import java.util.*;
public class Test {
    public static void main(String[] args) {
        int[] arr = {1, 2, 3};
        Arrays.setAll(arr, i -> i * 2);
        System.out.println(arr[1]);
    }
}",2,1,4,Compilation error
"What is the result?
import java.util.*;
public class Test {
    public static void main(String[] args) {
        List<Integer> list = new ArrayList<>();
        for (int i = 0; i < 3; i++) {
            list.add(i);
        }
        System.out.println(list.size());
    }
}",3,2,0,Compilation error
"What is the output?
import java.util.*;
public class Test {
    public static void main(String[] args) {
        int[] arr1 = {1, 2, 3};
        int[] arr2 = {1, 2, 4};
        int idx = Arrays.mismatch(arr1, arr2);
        System.out.println(idx);
    }
}",2,0,1,Compilation error
"What is the result?
import java.util.*;
public class Test {
    public static void main(String[] args) {
        Deque<String> deque = new LinkedList<>();
        deque.push(""A"");
        deque.push(""B"");
        System.out.println(deque.peek());
    }
}",B,A,AB,null
"What is the output?
import java.util.*;
public class Test {
    public static void main(String[] args) {
        List<String> list = new ArrayList<>(List.of(""A"", ""B"", ""C""));
        list.removeAll(List.of(""A"", ""C""));
        System.out.println(list.size());
    }
}",1,3,2,Compilation error
"What is the result?
import java.util.*;
public class Test {
    public static void main(String[] args) {
        List<String> list = new ArrayList<>(List.of(""A"", ""B"", ""C""));
        Collections.fill(list, ""X"");
        System.out.println(list.get(0));
    }
}",X,A,Compilation error,XXX
"What is the output?
import java.util.*;
public class Test {
    public static void main(String[] args) {
        List<Integer> list = new ArrayList<>(List.of(1, 2, 3));
        Collections.replaceAll(list, 2, 20);
        System.out.println(list.get(1));
    }
}",20,2,1,Compilation error
"What is the result?
import java.util.*;
public class Test {
    public static void main(String[] args) {
        Map<String, Integer> map = new HashMap<>();
        map.put(""A"", 1);
        map.remove(""A"", 2);
        System.out.println(map.size());
    }
}",1,0,2,Compilation error
"What is the output?
import java.util.*;
public class Test {
    public static void main(String[] args) {
        Map<String, Integer> map = new HashMap<>();
        map.put(""A"", 1);
        map.remove(""A"", 1);
        System.out.println(map.size());
    }
}",0,1,2,Compilation error
"What is the result?
import java.util.*;
public class Test {
    public static void main(String[] args) {
        int[] arr = {1, 2, 3};
        System.out.println(Arrays.stream(arr).anyMatch(x -> x > 2));
    }
}",true,false,3,Compilation error
"What is the output?
import java.util.*;
public class Test {
    public static void main(String[] args) {
        List<String> list = new ArrayList<>(List.of(""A"", ""B"", ""C""));
        list.set(2, ""Z"");
        System.out.println(list.get(2));
    }
}",Z,C,2,Compilation error
"What is the result?
import java.util.*;
public class Test {
    public static void main(String[] args) {
        List<Integer> list = new ArrayList<>();
        list.add(null);
        list.add(1);
        System.out.println(list.size());
    }
}",2,1,NullPointerException,Compilation error
"What is the output?
import java.util.*;
public class Test {
    public static void main(String[] args) {
        int[][] arr = new int[3][];
        arr[0] = new int[2];
        System.out.println(arr[0].length);
    }
}",2,3,0,Compilation error
"What is the result?
import java.util.*;
public class Test {
    public static void main(String[] args) {
        Set<String> set = new TreeSet<>();
        set.add(null);
    }
}",NullPointerException at runtime,Compilation error,1,null
"What is the output?
import java.util.*;
public class Test {
    public static void main(String[] args) {
        List<String> list = new ArrayList<>(List.of(""A"", ""B"", ""C""));
        String first = list.stream().findFirst().orElse(""X"");
        System.out.println(first);
    }
}",A,X,ABC,Compilation error
"What is the result?
import java.util.*;
public class Test {
    public static void main(String[] args) {
        Map<String, Integer> map = new HashMap<>();
        map.merge(""A"", 1, Integer::sum);
        System.out.println(map.get(""A""));
    }
}",1,null,Compilation error,0
"What is the output?
import java.util.*;
public class Test {
    public static void main(String[] args) {
        List<Integer> list = new ArrayList<>(List.of(3, 1, 2));
        list.sort(null);
        System.out.println(list.get(0));
    }
}",1,3,2,Compilation error
"What is the result?
import java.util.*;
public class Test {
    public static void main(String[] args) {
        int[] arr = {5, 2, 8, 1, 9};
        Arrays.parallelSort(arr);
        System.out.println(arr[0]);
    }
}",1,5,9,Compilation error
"What is the output?
import java.util.*;
public class Test {
    public static void main(String[] args) {
        List<String> list = new ArrayList<>();
        boolean added = list.add(""A"");
        System.out.println(added);
    }
}",true,false,A,Compilation error
"What is the result?
import java.util.*;
public class Test {
    public static void main(String[] args) {
        Set<String> set = new HashSet<>();
        boolean added1 = set.add(""A"");
        boolean added2 = set.add(""A"");
        System.out.println(added1 && !added2);
    }
}",true,false,Compilation error,A
"What is the output?
import java.util.*;
public class Test {
    public static void main(String[] args) {
        Queue<String> queue = new ArrayDeque<>();
        queue.offer(""A"");
        queue.offer(""B"");
        System.out.println(queue.element());
    }
}",A,B,AB,NoSuchElementException
"What is the result?
import java.util.*;
public class Test {
    public static void main(String[] args) {
        List<String> list = new ArrayList<>(List.of(""A"", ""B"", ""C""));
        boolean containsAll = list.containsAll(List.of(""A"", ""C""));
        System.out.println(containsAll);
    }
}",true,false,AC,Compilation error
"What is the output?
import java.util.*;
public class Test {
    public static void main(String[] args) {
        int[] arr = {1, 2, 3, 4, 5};
        System.out.println(Arrays.stream(arr).average().getAsDouble());
    }
}",3.0,3,15,Compilation error
"What is the result?
import java.util.*;
public class Test {
    public static void main(String[] args) {
        Map<String, List<Integer>> map = new HashMap<>();
        map.computeIfAbsent(""A"", k -> new ArrayList<>()).add(1);
        System.out.println(map.get(""A"").size());
    }
}",1,0,A,Compilation error
